date,state,fips,cases,deaths
2020-10-07,Alabama,01,161418,2601
2020-10-07,Alaska,02,9784,55
2020-10-07,Arizona,04,222558,5733
2020-10-07,Arkansas,05,88880,1482
2020-10-07,California,06,843732,16358
2020-10-07,Colorado,08,75410,2097
2020-10-07,Connecticut,09,59364,4522
2020-10-07,Delaware,10,21550,649
2020-10-07,District of Columbia,11,15697,632
2020-10-07,Florida,12,722699,14903
2020-10-07,Georgia,13,330769,7089
2020-10-07,Guam,66,3837,58
2020-10-07,Hawaii,15,13196,162
2020-10-07,Idaho,16,46233,502
2020-10-07,Illinois,17,311614,9138
2020-10-07,Indiana,18,130569,3727
2020-10-07,Iowa,19,95205,1419
2020-10-07,Kansas,20,65131,725
2020-10-07,Kentucky,21,78669,1261
2020-10-07,Louisiana,22,172625,5604
2020-10-07,Maine,23,5604,142
2020-10-07,Maryland,24,129158,3973
2020-10-07,Massachusetts,25,136492,9557
2020-10-07,Michigan,26,145131,7171
2020-10-07,Minnesota,27,106704,2154
2020-10-07,Mississippi,28,102241,3051
2020-10-07,Missouri,29,141262,2334
2020-10-07,Montana,30,16194,193
2020-10-07,Nebraska,31,49396,516
2020-10-07,Nevada,32,83500,1639
2020-10-07,New Hampshire,33,8800,448
2020-10-07,New Jersey,34,211638,16152
2020-10-07,New Mexico,35,31372,896
2020-10-07,New York,36,472994,32850
2020-10-07,North Carolina,37,223349,3716
2020-10-07,North Dakota,38,24861,308
2020-10-07,Northern Mariana Islands,69,75,2
2020-10-07,Ohio,39,162723,4970
2020-10-07,Oklahoma,40,94352,1075
2020-10-07,Oregon,41,35646,585
2020-10-07,Pennsylvania,42,171550,8347
2020-10-07,Puerto Rico,72,51768,705
2020-10-07,Rhode Island,44,25776,1126
2020-10-07,South Carolina,45,153705,3502
2020-10-07,South Dakota,46,25906,258
2020-10-07,Tennessee,47,204286,2615
2020-10-07,Texas,48,816848,16747
2020-10-07,Utah,49,80522,499
2020-10-07,Vermont,50,1827,58
2020-10-07,Virgin Islands,78,1322,20
2020-10-07,Virginia,51,153691,3303
2020-10-07,Washington,53,95500,2274
2020-10-07,West Virginia,54,17139,369
2020-10-07,Wisconsin,55,146376,1427
2020-10-07,Wyoming,56,6899,53
2020-10-08,Alabama,01,161975,2637
2020-10-08,Alaska,02,9919,56
2020-10-08,Arizona,04,223407,5743
2020-10-08,Arkansas,05,90145,1503
2020-10-08,California,06,847384,16425
2020-10-08,Colorado,08,76186,2107
2020-10-08,Connecticut,09,59748,4527
2020-10-08,Delaware,10,21682,651
2020-10-08,District of Columbia,11,15765,634
2020-10-08,Florida,12,726005,15067
2020-10-08,Georgia,13,332142,7125
2020-10-08,Guam,66,3903,59
2020-10-08,Hawaii,15,13297,163
2020-10-08,Idaho,16,46848,504
2020-10-08,Illinois,17,314725,9173
2020-10-08,Indiana,18,132030,3742
2020-10-08,Iowa,19,96749,1433
2020-10-08,Kansas,20,65296,741
2020-10-08,Kentucky,21,79550,1272
2020-10-08,Louisiana,22,173149,5609
2020-10-08,Maine,23,5639,142
2020-10-08,Maryland,24,129919,3979
2020-10-08,Massachusetts,25,136936,9565
2020-10-08,Michigan,26,146548,7194
2020-10-08,Minnesota,27,107975,2160
2020-10-08,Mississippi,28,102819,3074
2020-10-08,Missouri,29,142732,2360
2020-10-08,Montana,30,16766,197
2020-10-08,Nebraska,31,50059,518
2020-10-08,Nevada,32,83971,1650
2020-10-08,New Hampshire,33,8878,448
2020-10-08,New Jersey,34,212936,16161
2020-10-08,New Mexico,35,31756,899
2020-10-08,New York,36,474829,32859
2020-10-08,North Carolina,37,225738,3744
2020-10-08,North Dakota,38,25388,314
2020-10-08,Northern Mariana Islands,69,75,2
2020-10-08,Ohio,39,164262,4983
2020-10-08,Oklahoma,40,95564,1085
2020-10-08,Oregon,41,36121,596
2020-10-08,Pennsylvania,42,172971,8372
2020-10-08,Puerto Rico,72,52294,715
2020-10-08,Rhode Island,44,26045,1127
2020-10-08,South Carolina,45,154755,3514
2020-10-08,South Dakota,46,26441,272
2020-10-08,Tennessee,47,206265,2676
2020-10-08,Texas,48,821406,16853
2020-10-08,Utah,49,81975,504
2020-10-08,Vermont,50,1838,58
2020-10-08,Virgin Islands,78,1324,20
2020-10-08,Virginia,51,155535,3328
2020-10-08,Washington,53,96227,2280
2020-10-08,West Virginia,54,17325,370
2020-10-08,Wisconsin,55,149613,1436
2020-10-08,Wyoming,56,7092,54
2020-10-09,Alabama,01,163465,2653
2020-10-09,Alaska,02,10099,56
2020-10-09,Arizona,04,224101,5746
2020-10-09,Arkansas,05,91312,1530
2020-10-09,California,06,851228,16502
2020-10-09,Colorado,08,77068,2115
2020-10-09,Connecticut,09,60038,4530
2020-10-09,Delaware,10,21827,651
2020-10-09,District of Columbia,11,15843,634
2020-10-09,Florida,12,728913,15185
2020-10-09,Georgia,13,333934,7178
2020-10-09,Guam,66,3958,59
2020-10-09,Hawaii,15,13461,165
2020-10-09,Idaho,16,47674,506
2020-10-09,Illinois,17,317501,9207
2020-10-09,Indiana,18,133864,3761
2020-10-09,Iowa,19,98023,1454
2020-10-09,Kansas,20,67086,765
2020-10-09,Kentucky,21,80633,1283
2020-10-09,Louisiana,22,173406,5635
2020-10-09,Maine,23,5666,143
2020-10-09,Maryland,24,130652,3990
2020-10-09,Massachusetts,25,137701,9577
2020-10-09,Michigan,26,147880,7202
2020-10-09,Minnesota,27,109365,2174
2020-10-09,Mississippi,28,103681,3080
2020-10-09,Missouri,29,145034,2463
2020-10-09,Montana,30,17478,206
2020-10-09,Nebraska,31,50168,522
2020-10-09,Nevada,32,84785,1658
2020-10-09,New Hampshire,33,8970,450
2020-10-09,New Jersey,34,213801,16164
2020-10-09,New Mexico,35,32241,902
2020-10-09,New York,36,476422,32867
2020-10-09,North Carolina,37,227756,3768
2020-10-09,North Dakota,38,26044,325
2020-10-09,Northern Mariana Islands,69,75,2
2020-10-09,Ohio,39,166102,4994
2020-10-09,Oklahoma,40,97088,1091
2020-10-09,Oregon,41,36538,600
2020-10-09,Pennsylvania,42,174352,8387
2020-10-09,Puerto Rico,72,52892,720
2020-10-09,Rhode Island,44,26294,1130
2020-10-09,South Carolina,45,155676,3530
2020-10-09,South Dakota,46,27215,277
2020-10-09,Tennessee,47,207823,2702
2020-10-09,Texas,48,825912,16955
2020-10-09,Utah,49,83307,508
2020-10-09,Vermont,50,1846,58
2020-10-09,Virgin Islands,78,1324,20
2020-10-09,Virginia,51,156649,3344
2020-10-09,Washington,53,96837,2288
2020-10-09,West Virginia,54,17707,376
2020-10-09,Wisconsin,55,152831,1453
2020-10-09,Wyoming,56,7335,54
2020-10-10,Alabama,01,164526,2664
2020-10-10,Alaska,02,10350,56
2020-10-10,Arizona,04,224985,5759
2020-10-10,Arkansas,05,92220,1552
2020-10-10,California,06,854302,16568
2020-10-10,Colorado,08,78047,2121
2020-10-10,Connecticut,09,60038,4530
2020-10-10,Delaware,10,21998,653
2020-10-10,District of Columbia,11,15918,636
2020-10-10,Florida,12,728913,15185
2020-10-10,Georgia,13,335351,7223
2020-10-10,Guam,66,4025,60
2020-10-10,Hawaii,15,13532,167
2020-10-10,Idaho,16,47927,508
2020-10-10,Illinois,17,320283,9235
2020-10-10,Indiana,18,135789,3782
2020-10-10,Iowa,19,99099,1460
2020-10-10,Kansas,20,67193,768
2020-10-10,Kentucky,21,81630,1293
2020-10-10,Louisiana,22,173406,5635
2020-10-10,Maine,23,5696,143
2020-10-10,Maryland,24,131169,3995
2020-10-10,Massachusetts,25,138340,9587
2020-10-10,Michigan,26,149406,7221
2020-10-10,Minnesota,27,110881,2184
2020-10-10,Mississippi,28,104638,3096
2020-10-10,Missouri,29,148199,2483
2020-10-10,Montana,30,18118,209
2020-10-10,Nebraska,31,51887,525
2020-10-10,Nevada,32,85463,1659
2020-10-10,New Hampshire,33,9092,455
2020-10-10,New Jersey,34,214665,16171
2020-10-10,New Mexico,35,32722,907
2020-10-10,New York,36,477870,32875
2020-10-10,North Carolina,37,229959,3786
2020-10-10,North Dakota,38,26632,340
2020-10-10,Northern Mariana Islands,69,77,2
2020-10-10,Ohio,39,167458,4997
2020-10-10,Oklahoma,40,98621,1095
2020-10-10,Oregon,41,36925,600
2020-10-10,Pennsylvania,42,175804,8421
2020-10-10,Puerto Rico,72,53364,728
2020-10-10,Rhode Island,44,26294,1130
2020-10-10,South Carolina,45,156621,3551
2020-10-10,South Dakota,46,27947,286
2020-10-10,Tennessee,47,209593,2729
2020-10-10,Texas,48,829367,17019
2020-10-10,Utah,49,84697,512
2020-10-10,Vermont,50,1857,58
2020-10-10,Virgin Islands,78,1325,20
2020-10-10,Virginia,51,157905,3354
2020-10-10,Washington,53,97223,2289
2020-10-10,West Virginia,54,17913,381
2020-10-10,Wisconsin,55,155752,1470
2020-10-10,Wyoming,56,7455,54
2020-10-11,Alabama,01,165342,2664
2020-10-11,Alaska,02,10608,56
2020-10-11,Arizona,04,225575,5759
2020-10-11,Arkansas,05,92833,1569
2020-10-11,California,06,857076,16581
2020-10-11,Colorado,08,78752,2134
2020-10-11,Connecticut,09,60038,4530
2020-10-11,Delaware,10,22130,654
2020-10-11,District of Columbia,11,15984,637
2020-10-11,Florida,12,734483,15363
2020-10-11,Georgia,13,336586,7246
2020-10-11,Guam,66,4047,61
2020-10-11,Hawaii,15,13633,168
2020-10-11,Idaho,16,48155,508
2020-10-11,Illinois,17,322985,9245
2020-10-11,Indiana,18,137359,3789
2020-10-11,Iowa,19,99941,1462
2020-10-11,Kansas,20,67231,769
2020-10-11,Kentucky,21,82358,1295
2020-10-11,Louisiana,22,174587,5655
2020-10-11,Maine,23,5723,143
2020-10-11,Maryland,24,131853,3999
2020-10-11,Massachusetts,25,138903,9604
2020-10-11,Michigan,26,149448,7221
2020-10-11,Minnesota,27,112321,2194
2020-10-11,Mississippi,28,104932,3101
2020-10-11,Missouri,29,148481,2483
2020-10-11,Montana,30,18733,210
2020-10-11,Nebraska,31,52382,525
2020-10-11,Nevada,32,85922,1663
2020-10-11,New Hampshire,33,9143,456
2020-10-11,New Jersey,34,215416,16174
2020-10-11,New Mexico,35,32983,911
2020-10-11,New York,36,479013,32879
2020-10-11,North Carolina,37,231564,3791
2020-10-11,North Dakota,38,27269,343
2020-10-11,Northern Mariana Islands,69,77,2
2020-10-11,Ohio,39,168749,4999
2020-10-11,Oklahoma,40,99387,1098
2020-10-11,Oregon,41,37263,600
2020-10-11,Pennsylvania,42,176820,8426
2020-10-11,Puerto Rico,72,53671,730
2020-10-11,Rhode Island,44,26294,1130
2020-10-11,South Carolina,45,157406,3552
2020-10-11,South Dakota,46,28564,286
2020-10-11,Tennessee,47,211426,2738
2020-10-11,Texas,48,832342,17047
2020-10-11,Utah,49,85844,518
2020-10-11,Vermont,50,1868,58
2020-10-11,Virgin Islands,78,1325,20
2020-10-11,Virginia,51,158716,3358
2020-10-11,Washington,53,97527,2289
2020-10-11,West Virginia,54,18128,382
2020-10-11,Wisconsin,55,158426,1477
2020-10-11,Wyoming,56,7611,54
2020-10-12,Alabama,01,166076,2665
2020-10-12,Alaska,02,10805,56
2020-10-12,Arizona,04,226072,5759
2020-10-12,Arkansas,05,93487,1586
2020-10-12,California,06,859959,16594
2020-10-12,Colorado,08,79499,2144
2020-10-12,Connecticut,09,61377,4532
2020-10-12,Delaware,10,22289,656
2020-10-12,District of Columbia,11,16022,637
2020-10-12,Florida,12,736016,15411
2020-10-12,Georgia,13,339577,7259
2020-10-12,Guam,66,4139,61
2020-10-12,Hawaii,15,13675,168
2020-10-12,Idaho,16,48663,511
2020-10-12,Illinois,17,325755,9258
2020-10-12,Indiana,18,138933,3795
2020-10-12,Iowa,19,100451,1481
2020-10-12,Kansas,20,69158,774
2020-10-12,Kentucky,21,83074,1300
2020-10-12,Louisiana,22,174647,5669
2020-10-12,Maine,23,5752,143
2020-10-12,Maryland,24,132357,4003
2020-10-12,Massachusetts,25,139663,9617
2020-10-12,Michigan,26,151284,7227
2020-10-12,Minnesota,27,113492,2197
2020-10-12,Mississippi,28,105228,3101
2020-10-12,Missouri,29,149460,2484
2020-10-12,Montana,30,19205,212
2020-10-12,Nebraska,31,52839,529
2020-10-12,Nevada,32,86433,1670
2020-10-12,New Hampshire,33,9208,456
2020-10-12,New Jersey,34,215885,16175
2020-10-12,New Mexico,35,33362,915
2020-10-12,New York,36,480045,32896
2020-10-12,North Carolina,37,233059,3799
2020-10-12,North Dakota,38,27742,350
2020-10-12,Northern Mariana Islands,69,77,2
2020-10-12,Ohio,39,170179,5005
2020-10-12,Oklahoma,40,100184,1104
2020-10-12,Oregon,41,37472,600
2020-10-12,Pennsylvania,42,177844,8444
2020-10-12,Puerto Rico,72,54234,735
2020-10-12,Rhode Island,44,26294,1130
2020-10-12,South Carolina,45,158055,3559
2020-10-12,South Dakota,46,28925,288
2020-10-12,Tennessee,47,214245,2745
2020-10-12,Texas,48,836389,17073
2020-10-12,Utah,49,86879,524
2020-10-12,Vermont,50,1876,58
2020-10-12,Virgin Islands,78,1325,20
2020-10-12,Virginia,51,159570,3361
2020-10-12,Washington,53,98265,2292
2020-10-12,West Virginia,54,18281,385
2020-10-12,Wisconsin,55,160655,1488
2020-10-12,Wyoming,56,7802,54
2020-10-13,Alabama,01,167193,2665
2020-10-13,Alaska,02,10960,56
2020-10-13,Arizona,04,226749,5767
2020-10-13,Arkansas,05,94167,1611
2020-10-13,California,06,863614,16650
2020-10-13,Colorado,08,80414,2181
2020-10-13,Connecticut,09,61697,4533
2020-10-13,Delaware,10,22394,659
2020-10-13,District of Columbia,11,16068,637
2020-10-13,Florida,12,738741,15530
2020-10-13,Georgia,13,340758,7282
2020-10-13,Guam,66,4235,62
2020-10-13,Hawaii,15,13736,172
2020-10-13,Idaho,16,49987,514
2020-10-13,Illinois,17,329160,9288
2020-10-13,Indiana,18,140505,3822
2020-10-13,Iowa,19,101531,1491
2020-10-13,Kansas,20,69392,786
2020-10-13,Kentucky,21,83967,1318
2020-10-13,Louisiana,22,175329,5679
2020-10-13,Maine,23,5780,143
2020-10-13,Maryland,24,132839,4012
2020-10-13,Massachusetts,25,140412,9630
2020-10-13,Michigan,26,152842,7257
2020-10-13,Minnesota,27,114627,2204
2020-10-13,Mississippi,28,105941,3115
2020-10-13,Missouri,29,150496,2495
2020-10-13,Montana,30,19682,217
2020-10-13,Nebraska,31,53543,533
2020-10-13,Nevada,32,86970,1677
2020-10-13,New Hampshire,33,9279,456
2020-10-13,New Jersey,34,216873,16182
2020-10-13,New Mexico,35,33713,918
2020-10-13,New York,36,481436,32905
2020-10-13,North Carolina,37,234842,3849
2020-10-13,North Dakota,38,28250,362
2020-10-13,Northern Mariana Islands,69,77,2
2020-10-13,Ohio,39,171626,5017
2020-10-13,Oklahoma,40,101493,1119
2020-10-13,Oregon,41,37788,605
2020-10-13,Pennsylvania,42,179673,8458
2020-10-13,Puerto Rico,72,54540,738
2020-10-13,Rhode Island,44,26960,1139
2020-10-13,South Carolina,45,158883,3576
2020-10-13,South Dakota,46,29339,288
2020-10-13,Tennessee,47,215423,2768
2020-10-13,Texas,48,841863,17165
2020-10-13,Utah,49,87825,524
2020-10-13,Vermont,50,1886,58
2020-10-13,Virgin Islands,78,1328,20
2020-10-13,Virginia,51,160805,3372
2020-10-13,Washington,53,99311,2311
2020-10-13,West Virginia,54,18555,387
2020-10-13,Wisconsin,55,164137,1521
2020-10-13,Wyoming,56,7964,57
2020-10-14,Alabama,01,167977,2706
2020-10-14,Alaska,02,11103,60
2020-10-14,Arizona,04,227660,5772
2020-10-14,Arkansas,05,95246,1634
2020-10-14,California,06,867094,16752
2020-10-14,Colorado,08,81205,2186
2020-10-14,Connecticut,09,61861,4537
2020-10-14,Delaware,10,22465,660
2020-10-14,District of Columbia,11,16132,638
2020-10-14,Florida,12,741624,15594
2020-10-14,Georgia,13,342302,7298
2020-10-14,Guam,66,4310,62
2020-10-14,Hawaii,15,13834,182
2020-10-14,Idaho,16,50534,520
2020-10-14,Illinois,17,332124,9335
2020-10-14,Indiana,18,141670,3836
2020-10-14,Iowa,19,102905,1505
2020-10-14,Kansas,20,70665,838
2020-10-14,Kentucky,21,85278,1325
2020-10-14,Louisiana,22,176209,5695
2020-10-14,Maine,23,5816,143
2020-10-14,Maryland,24,133413,4022
2020-10-14,Massachusetts,25,140992,9647
2020-10-14,Michigan,26,154409,7270
2020-10-14,Minnesota,27,115996,2233
2020-10-14,Mississippi,28,106817,3140
2020-10-14,Missouri,29,154213,2598
2020-10-14,Montana,30,20321,225
2020-10-14,Nebraska,31,54467,536
2020-10-14,Nevada,32,87527,1694
2020-10-14,New Hampshire,33,9349,458
2020-10-14,New Jersey,34,217812,16191
2020-10-14,New Mexico,35,34290,921
2020-10-14,New York,36,482671,32916
2020-10-14,North Carolina,37,236812,3882
2020-10-14,North Dakota,38,28952,370
2020-10-14,Northern Mariana Islands,69,77,2
2020-10-14,Ohio,39,173665,5033
2020-10-14,Oklahoma,40,102615,1132
2020-10-14,Oregon,41,38175,609
2020-10-14,Pennsylvania,42,180956,8481
2020-10-14,Puerto Rico,72,55516,742
2020-10-14,Rhode Island,44,27164,1147
2020-10-14,South Carolina,45,159809,3593
2020-10-14,South Dakota,46,30215,291
2020-10-14,Tennessee,47,217140,2801
2020-10-14,Texas,48,847734,17276
2020-10-14,Utah,49,89018,529
2020-10-14,Vermont,50,1889,58
2020-10-14,Virgin Islands,78,1328,20
2020-10-14,Virginia,51,161610,3381
2020-10-14,Washington,53,100068,2319
2020-10-14,West Virginia,54,18818,391
2020-10-14,Wisconsin,55,167441,1549
2020-10-14,Wyoming,56,8177,57
2020-10-15,Alabama,01,169162,2756
2020-10-15,Alaska,02,11268,61
2020-10-15,Arizona,04,228748,5789
2020-10-15,Arkansas,05,96524,1645
2020-10-15,California,06,870380,16839
2020-10-15,Colorado,08,82443,2187
2020-10-15,Connecticut,09,62028,4540
2020-10-15,Delaware,10,22560,661
2020-10-15,District of Columbia,11,16166,638
2020-10-15,Florida,12,744980,15735
2020-10-15,Georgia,13,344093,7320
2020-10-15,Guam,66,4396,62
2020-10-15,Hawaii,15,13922,183
2020-10-15,Idaho,16,51471,521
2020-10-15,Illinois,17,336211,9392
2020-10-15,Indiana,18,143617,3864
2020-10-15,Iowa,19,104232,1516
2020-10-15,Kansas,20,70815,838
2020-10-15,Kentucky,21,86410,1341
2020-10-15,Louisiana,22,176952,5707
2020-10-15,Maine,23,5836,144
2020-10-15,Maryland,24,134042,4028
2020-10-15,Massachusetts,25,141579,9672
2020-10-15,Michigan,26,156926,7304
2020-10-15,Minnesota,27,117159,2252
2020-10-15,Mississippi,28,108139,3152
2020-10-15,Missouri,29,156142,2531
2020-10-15,Montana,30,21043,230
2020-10-15,Nebraska,31,55428,546
2020-10-15,Nevada,32,88081,1700
2020-10-15,New Hampshire,33,9426,463
2020-10-15,New Jersey,34,218783,16197
2020-10-15,New Mexico,35,34958,922
2020-10-15,New York,36,484135,32935
2020-10-15,North Carolina,37,239338,3899
2020-10-15,North Dakota,38,29658,375
2020-10-15,Northern Mariana Islands,69,80,2
2020-10-15,Ohio,39,175843,5038
2020-10-15,Oklahoma,40,103836,1143
2020-10-15,Oregon,41,38536,613
2020-10-15,Pennsylvania,42,182502,8496
2020-10-15,Puerto Rico,72,56085,743
2020-10-15,Rhode Island,44,27438,1149
2020-10-15,South Carolina,45,161106,3607
2020-10-15,South Dakota,46,31012,304
2020-10-15,Tennessee,47,219355,2836
2020-10-15,Texas,48,853517,17362
2020-10-15,Utah,49,90488,531
2020-10-15,Vermont,50,1903,58
2020-10-15,Virgin Islands,78,1329,21
2020-10-15,Virginia,51,162941,3388
2020-10-15,Washington,53,100838,2331
2020-10-15,West Virginia,54,19082,393
2020-10-15,Wisconsin,55,171480,1568
2020-10-15,Wyoming,56,8375,57
2020-10-16,Alabama,01,170374,2786
2020-10-16,Alaska,02,11496,62
2020-10-16,Arizona,04,229508,5806
2020-10-16,Arkansas,05,97539,1665
2020-10-16,California,06,874101,16901
2020-10-16,Colorado,08,83712,2196
2020-10-16,Connecticut,09,62830,4542
2020-10-16,Delaware,10,22724,662
2020-10-16,District of Columbia,11,16255,641
2020-10-16,Florida,12,748429,15829
2020-10-16,Georgia,13,345879,7382
2020-10-16,Guam,66,4507,64
2020-10-16,Hawaii,15,14007,184
2020-10-16,Idaho,16,52234,529
2020-10-16,Illinois,17,341219,9447
2020-10-16,Indiana,18,145915,3887
2020-10-16,Iowa,19,105746,1524
2020-10-16,Kansas,20,72509,859
2020-10-16,Kentucky,21,87764,1349
2020-10-16,Louisiana,22,177726,5727
2020-10-16,Maine,23,5865,145
2020-10-16,Maryland,24,134822,4032
2020-10-16,Massachusetts,25,142346,9702
2020-10-16,Michigan,26,159144,7320
2020-10-16,Minnesota,27,119449,2265
2020-10-16,Mississippi,28,109255,3160
2020-10-16,Missouri,29,158764,2550
2020-10-16,Montana,30,21674,235
2020-10-16,Nebraska,31,56724,556
2020-10-16,Nevada,32,88832,1707
2020-10-16,New Hampshire,33,9514,465
2020-10-16,New Jersey,34,219593,16202
2020-10-16,New Mexico,35,35770,928
2020-10-16,New York,36,485838,32944
2020-10-16,North Carolina,37,242032,3938
2020-10-16,North Dakota,38,30522,393
2020-10-16,Northern Mariana Islands,69,80,2
2020-10-16,Ohio,39,177991,5054
2020-10-16,Oklahoma,40,105308,1154
2020-10-16,Oregon,41,38947,620
2020-10-16,Pennsylvania,42,184185,8524
2020-10-16,Puerto Rico,72,56412,758
2020-10-16,Rhode Island,44,27691,1152
2020-10-16,South Carolina,45,162253,3615
2020-10-16,South Dakota,46,31805,307
2020-10-16,Tennessee,47,220099,2847
2020-10-16,Texas,48,859108,17454
2020-10-16,Utah,49,91966,539
2020-10-16,Vermont,50,1915,58
2020-10-16,Virgin Islands,78,1329,21
2020-10-16,Virginia,51,164124,3408
2020-10-16,Washington,53,101533,2338
2020-10-16,West Virginia,54,19580,396
2020-10-16,Wisconsin,55,175652,1588
2020-10-16,Wyoming,56,8665,57
2020-10-17,Alabama,01,171662,2788
2020-10-17,Alaska,02,11710,63
2020-10-17,Arizona,04,230412,5824
2020-10-17,Arkansas,05,98422,1684
2020-10-17,California,06,876257,16940
2020-10-17,Colorado,08,84804,2199
2020-10-17,Connecticut,09,62830,4542
2020-10-17,Delaware,10,22942,664
2020-10-17,District of Columbia,11,16334,641
2020-10-17,Florida,12,752473,15916
2020-10-17,Georgia,13,347468,7429
2020-10-17,Guam,66,4507,64
2020-10-17,Hawaii,15,14101,185
2020-10-17,Idaho,16,52582,532
2020-10-17,Illinois,17,344787,9474
2020-10-17,Indiana,18,148400,3918
2020-10-17,Iowa,19,106698,1528
2020-10-17,Kansas,20,72616,859
2020-10-17,Kentucky,21,88823,1363
2020-10-17,Louisiana,22,177726,5727
2020-10-17,Maine,23,5913,146
2020-10-17,Maryland,24,135463,4036
2020-10-17,Massachusetts,25,142930,9723
2020-10-17,Michigan,26,159259,7323
2020-10-17,Minnesota,27,121143,2270
2020-10-17,Mississippi,28,110006,3171
2020-10-17,Missouri,29,160654,2645
2020-10-17,Montana,30,22284,240
2020-10-17,Nebraska,31,57334,557
2020-10-17,Nevada,32,89848,1709
2020-10-17,New Hampshire,33,9625,466
2020-10-17,New Jersey,34,220527,16204
2020-10-17,New Mexico,35,36343,929
2020-10-17,New York,36,487626,32959
2020-10-17,North Carolina,37,244020,3955
2020-10-17,North Dakota,38,31266,404
2020-10-17,Northern Mariana Islands,69,86,2
2020-10-17,Ohio,39,180225,5067
2020-10-17,Oklahoma,40,106503,1168
2020-10-17,Oregon,41,39316,622
2020-10-17,Pennsylvania,42,185670,8535
2020-10-17,Puerto Rico,72,56650,761
2020-10-17,Rhode Island,44,27691,1152
2020-10-17,South Carolina,45,163214,3637
2020-10-17,South Dakota,46,32611,315
2020-10-17,Tennessee,47,222608,2875
2020-10-17,Texas,48,863534,17518
2020-10-17,Utah,49,93297,541
2020-10-17,Vermont,50,1926,58
2020-10-17,Virgin Islands,78,1335,21
2020-10-17,Virginia,51,165238,3422
2020-10-17,Washington,53,102054,2339
2020-10-17,West Virginia,54,19801,399
2020-10-17,Wisconsin,55,175652,1588
2020-10-17,Wyoming,56,8816,57
2020-10-18,Alabama,01,172626,2788
2020-10-18,Alaska,02,11934,63
2020-10-18,Arizona,04,231149,5827
2020-10-18,Arkansas,05,99066,1704
2020-10-18,California,06,878394,16979
2020-10-18,Colorado,08,85803,2199
2020-10-18,Connecticut,09,62830,4542
2020-10-18,Delaware,10,23093,665
2020-10-18,District of Columbia,11,16370,641
2020-10-18,Florida,12,755012,15966
2020-10-18,Georgia,13,348773,7460
2020-10-18,Guam,66,4507,64
2020-10-18,Hawaii,15,14183,186
2020-10-18,Idaho,16,53092,532
2020-10-18,Illinois,17,348870,9491
2020-10-18,Indiana,18,150005,3937
2020-10-18,Iowa,19,107334,1532
2020-10-18,Kansas,20,72722,859
2020-10-18,Kentucky,21,89538,1372
2020-10-18,Louisiana,22,178869,5750
2020-10-18,Maine,23,5939,146
2020-10-18,Maryland,24,136149,4037
2020-10-18,Massachusetts,25,143660,9737
2020-10-18,Michigan,26,159337,7323
2020-10-18,Minnesota,27,122865,2287
2020-10-18,Mississippi,28,110239,3171
2020-10-18,Missouri,29,162156,2648
2020-10-18,Montana,30,22821,241
2020-10-18,Nebraska,31,58068,557
2020-10-18,Nevada,32,90374,1711
2020-10-18,New Hampshire,33,9694,467
2020-10-18,New Jersey,34,221802,16211
2020-10-18,New Mexico,35,36788,934
2020-10-18,New York,36,489016,32972
2020-10-18,North Carolina,37,246116,3961
2020-10-18,North Dakota,38,31983,409
2020-10-18,Northern Mariana Islands,69,86,2
2020-10-18,Ohio,39,181787,5067
2020-10-18,Oklahoma,40,107299,1171
2020-10-18,Oregon,41,39532,622
2020-10-18,Pennsylvania,42,186772,8555
2020-10-18,Puerto Rico,72,57293,766
2020-10-18,Rhode Island,44,27691,1152
2020-10-18,South Carolina,45,163990,3650
2020-10-18,South Dakota,46,33269,323
2020-10-18,Tennessee,47,225126,2884
2020-10-18,Texas,48,868917,17541
2020-10-18,Utah,49,94394,544
2020-10-18,Vermont,50,1937,58
2020-10-18,Virgin Islands,78,1335,21
2020-10-18,Virginia,51,166138,3433
2020-10-18,Washington,53,102403,2339
2020-10-18,West Virginia,54,20081,399
2020-10-18,Wisconsin,55,175652,1588
2020-10-18,Wyoming,56,9025,57
2020-10-19,Alabama,01,173485,2789
2020-10-19,Alaska,02,12138,63
2020-10-19,Arizona,04,231933,5830
2020-10-19,Arkansas,05,99597,1714
2020-10-19,California,06,882665,16987
2020-10-19,Colorado,08,86727,2207
2020-10-19,Connecticut,09,64021,4554
2020-10-19,Delaware,10,23196,666
2020-10-19,District of Columbia,11,16395,641
2020-10-19,Florida,12,756719,16020
2020-10-19,Georgia,13,350654,7479
2020-10-19,Guam,66,4725,67
2020-10-19,Hawaii,15,14218,186
2020-10-19,Idaho,16,54123,535
2020-10-19,Illinois,17,352449,9520
2020-10-19,Indiana,18,151588,3960
2020-10-19,Iowa,19,108114,1548
2020-10-19,Kansas,20,74616,872
2020-10-19,Kentucky,21,90443,1381
2020-10-19,Louisiana,22,179070,5766
2020-10-19,Maine,23,5962,146
2020-10-19,Maryland,24,136643,4041
2020-10-19,Massachusetts,25,144488,9753
2020-10-19,Michigan,26,164055,7364
2020-10-19,Minnesota,27,124492,2292
2020-10-19,Mississippi,28,110592,3171
2020-10-19,Missouri,29,164249,2660
2020-10-19,Montana,30,23503,242
2020-10-19,Nebraska,31,58817,568
2020-10-19,Nevada,32,90978,1714
2020-10-19,New Hampshire,33,9746,468
2020-10-19,New Jersey,34,222994,16214
2020-10-19,New Mexico,35,37302,935
2020-10-19,New York,36,490015,32990
2020-10-19,North Carolina,37,247551,3969
2020-10-19,North Dakota,38,32642,413
2020-10-19,Northern Mariana Islands,69,86,2
2020-10-19,Ohio,39,183624,5075
2020-10-19,Oklahoma,40,108073,1173
2020-10-19,Oregon,41,39799,630
2020-10-19,Pennsylvania,42,188442,8562
2020-10-19,Puerto Rico,72,57950,768
2020-10-19,Rhode Island,44,28347,1159
2020-10-19,South Carolina,45,164609,3661
2020-10-19,South Dakota,46,33836,323
2020-10-19,Tennessee,47,228267,2896
2020-10-19,Texas,48,873556,17564
2020-10-19,Utah,49,95572,547
2020-10-19,Vermont,50,1946,58
2020-10-19,Virgin Islands,78,1335,21
2020-10-19,Virginia,51,166828,3457
2020-10-19,Washington,53,103323,2357
2020-10-19,West Virginia,54,20293,399
2020-10-19,Wisconsin,55,183177,1624
2020-10-19,Wyoming,56,9311,57
2020-10-20,Alabama,01,174528,2805
2020-10-20,Alaska,02,12349,63
2020-10-20,Arizona,04,232939,5837
2020-10-20,Arkansas,05,100441,1728
2020-10-20,California,06,887093,17067
2020-10-20,Colorado,08,87966,2212
2020-10-20,Connecticut,09,64455,4559
2020-10-20,Delaware,10,23325,668
2020-10-20,District of Columbia,11,16445,642
2020-10-20,Florida,12,760381,16104
2020-10-20,Georgia,13,351990,7494
2020-10-20,Guam,66,4855,67
2020-10-20,Hawaii,15,14302,188
2020-10-20,Idaho,16,55153,541
2020-10-20,Illinois,17,356151,9562
2020-10-20,Indiana,18,153088,4008
2020-10-20,Iowa,19,109210,1576
2020-10-20,Kansas,20,74883,902
2020-10-20,Kentucky,21,91731,1403
2020-10-20,Louisiana,22,179769,5772
2020-10-20,Maine,23,5989,146
2020-10-20,Maryland,24,137229,4050
2020-10-20,Massachusetts,25,145464,9758
2020-10-20,Michigan,26,165949,7386
2020-10-20,Minnesota,27,125584,2299
2020-10-20,Mississippi,28,111322,3202
2020-10-20,Missouri,29,164891,2668
2020-10-20,Montana,30,24201,252
2020-10-20,Nebraska,31,59409,575
2020-10-20,Nevada,32,91679,1728
2020-10-20,New Hampshire,33,9828,468
2020-10-20,New Jersey,34,223982,16227
2020-10-20,New Mexico,35,37896,942
2020-10-20,New York,36,491216,32998
2020-10-20,North Carolina,37,249158,4018
2020-10-20,North Dakota,38,33671,417
2020-10-20,Northern Mariana Islands,69,88,2
2020-10-20,Ohio,39,185639,5083
2020-10-20,Oklahoma,40,109548,1191
2020-10-20,Oregon,41,40149,636
2020-10-20,Pennsylvania,42,189988,8591
2020-10-20,Puerto Rico,72,58643,769
2020-10-20,Rhode Island,44,28649,1164
2020-10-20,South Carolina,45,165493,3696
2020-10-20,South Dakota,46,34457,330
2020-10-20,Tennessee,47,229794,2924
2020-10-20,Texas,48,879419,17644
2020-10-20,Utah,49,96643,552
2020-10-20,Vermont,50,1956,58
2020-10-20,Virgin Islands,78,1337,21
2020-10-20,Virginia,51,167754,3485
2020-10-20,Washington,53,103845,2380
2020-10-20,West Virginia,54,20519,408
2020-10-20,Wisconsin,55,187898,1660
2020-10-20,Wyoming,56,9526,61
2020-10-21,Alabama,01,175674,2828
2020-10-21,Alaska,02,12559,64
2020-10-21,Arizona,04,233948,5854
2020-10-21,Arkansas,05,101596,1751
2020-10-21,California,06,890153,17189
2020-10-21,Colorado,08,89245,2220
2020-10-21,Connecticut,09,64871,4567
2020-10-21,Delaware,10,23375,670
2020-10-21,District of Columbia,11,16498,642
2020-10-21,Florida,12,762525,16209
2020-10-21,Georgia,13,353449,7523
2020-10-21,Guam,66,4937,69
2020-10-21,Hawaii,15,14379,202
2020-10-21,Idaho,16,55922,551
2020-10-21,Illinois,17,360160,9622
2020-10-21,Indiana,18,154822,4023
2020-10-21,Iowa,19,110444,1594
2020-10-21,Kansas,20,76299,952
2020-10-21,Kentucky,21,93110,1424
2020-10-21,Louisiana,22,181132,5790
2020-10-21,Maine,23,6027,146
2020-10-21,Maryland,24,137720,4058
2020-10-21,Massachusetts,25,146166,9780
2020-10-21,Michigan,26,167857,7420
2020-10-21,Minnesota,27,126644,2334
2020-10-21,Mississippi,28,112123,3223
2020-10-21,Missouri,29,167435,2716
2020-10-21,Montana,30,24818,276
2020-10-21,Nebraska,31,60308,586
2020-10-21,Nevada,32,92193,1735
2020-10-21,New Hampshire,33,9917,469
2020-10-21,New Jersey,34,225012,16245
2020-10-21,New Mexico,35,38715,950
2020-10-21,New York,36,493245,33005
2020-10-21,North Carolina,37,251010,4063
2020-10-21,North Dakota,38,34170,427
2020-10-21,Northern Mariana Islands,69,88,2
2020-10-21,Ohio,39,188005,5149
2020-10-21,Oklahoma,40,110855,1210
2020-10-21,Oregon,41,40458,638
2020-10-21,Pennsylvania,42,191347,8629
2020-10-21,Puerto Rico,72,58830,774
2020-10-21,Rhode Island,44,29123,1169
2020-10-21,South Carolina,45,166357,3708
2020-10-21,South Dakota,46,35044,333
2020-10-21,Tennessee,47,232100,2946
2020-10-21,Texas,48,885845,17743
2020-10-21,Utah,49,98037,558
2020-10-21,Vermont,50,1971,58
2020-10-21,Virgin Islands,78,1337,21
2020-10-21,Virginia,51,168772,3515
2020-10-21,Washington,53,104624,2384
2020-10-21,West Virginia,54,20734,413
2020-10-21,Wisconsin,55,192225,1707
2020-10-21,Wyoming,56,9848,61
2020-10-22,Alabama,01,177064,2843
2020-10-22,Alaska,02,12790,64
2020-10-22,Arizona,04,234914,5859
2020-10-22,Arkansas,05,102798,1772
2020-10-22,California,06,896424,17266
2020-10-22,Colorado,08,90639,2224
2020-10-22,Connecticut,09,65373,4569
2020-10-22,Delaware,10,23528,670
2020-10-22,District of Columbia,11,16537,642
2020-10-22,Florida,12,768083,16266
2020-10-22,Georgia,13,355156,7547
2020-10-22,Guam,66,5025,70
2020-10-22,Hawaii,15,14478,205
2020-10-22,Idaho,16,56944,560
2020-10-22,Illinois,17,365120,9663
2020-10-22,Indiana,18,157678,4065
2020-10-22,Iowa,19,112242,1617
2020-10-22,Kansas,20,76546,952
2020-10-22,Kentucky,21,94582,1439
2020-10-22,Louisiana,22,181904,5799
2020-10-22,Maine,23,6064,146
2020-10-22,Maryland,24,138473,4070
2020-10-22,Massachusetts,25,147215,9810
2020-10-22,Michigan,26,170102,7465
2020-10-22,Minnesota,27,128205,2354
2020-10-22,Mississippi,28,113081,3231
2020-10-22,Missouri,29,169311,2734
2020-10-22,Montana,30,25736,279
2020-10-22,Nebraska,31,61285,589
2020-10-22,Nevada,32,93028,1736
2020-10-22,New Hampshire,33,9994,470
2020-10-22,New Jersey,34,226174,16263
2020-10-22,New Mexico,35,39377,953
2020-10-22,New York,36,494874,33022
2020-10-22,North Carolina,37,253418,4110
2020-10-22,North Dakota,38,35057,436
2020-10-22,Northern Mariana Islands,69,88,2
2020-10-22,Ohio,39,190430,5161
2020-10-22,Oklahoma,40,112483,1221
2020-10-22,Oregon,41,40825,647
2020-10-22,Pennsylvania,42,193401,8660
2020-10-22,Puerto Rico,72,59037,783
2020-10-22,Rhode Island,44,29594,1173
2020-10-22,South Carolina,45,167485,3755
2020-10-22,South Dakota,46,36017,347
2020-10-22,Tennessee,47,234079,2983
2020-10-22,Texas,48,891074,17760
2020-10-22,Utah,49,99563,563
2020-10-22,Vermont,50,1987,58
2020-10-22,Virgin Islands,78,1343,21
2020-10-22,Virginia,51,170104,3524
2020-10-22,Washington,53,105364,2389
2020-10-22,West Virginia,54,21057,418
2020-10-22,Wisconsin,55,195853,1730
2020-10-22,Wyoming,56,10119,68
2020-10-23,Alabama,01,180916,2859
2020-10-23,Alaska,02,13067,64
2020-10-23,Arizona,04,235910,5865
2020-10-23,Arkansas,05,104135,1782
2020-10-23,California,06,902325,17316
2020-10-23,Colorado,08,92067,2233
2020-10-23,Connecticut,09,66052,4577
2020-10-23,Delaware,10,23687,678
2020-10-23,District of Columbia,11,16609,642
2020-10-23,Florida,12,771772,16339
2020-10-23,Georgia,13,357319,7584
2020-10-23,Guam,66,5110,70
2020-10-23,Hawaii,15,14617,208
2020-10-23,Idaho,16,58083,568
2020-10-23,Illinois,17,370134,9704
2020-10-23,Indiana,18,160145,4092
2020-10-23,Iowa,19,113596,1629
2020-10-23,Kansas,20,78122,975
2020-10-23,Kentucky,21,96043,1462
2020-10-23,Louisiana,22,182603,5820
2020-10-23,Maine,23,6095,146
2020-10-23,Maryland,24,139185,4078
2020-10-23,Massachusetts,25,148285,9830
2020-10-23,Michigan,26,172128,7485
2020-10-23,Minnesota,27,129916,2367
2020-10-23,Mississippi,28,113876,3238
2020-10-23,Missouri,29,171867,2764
2020-10-23,Montana,30,26600,283
2020-10-23,Nebraska,31,62511,594
2020-10-23,Nevada,32,94044,1739
2020-10-23,New Hampshire,33,10112,471
2020-10-23,New Jersey,34,227219,16273
2020-10-23,New Mexico,35,40168,960
2020-10-23,New York,36,496510,33038
2020-10-23,North Carolina,37,255534,4140
2020-10-23,North Dakota,38,35944,445
2020-10-23,Northern Mariana Islands,69,88,2
2020-10-23,Ohio,39,192948,5184
2020-10-23,Oklahoma,40,113856,1234
2020-10-23,Oregon,41,41357,651
2020-10-23,Pennsylvania,42,195659,8695
2020-10-23,Puerto Rico,72,60984,791
2020-10-23,Rhode Island,44,30118,1177
2020-10-23,South Carolina,45,168549,3777
2020-10-23,South Dakota,46,37202,356
2020-10-23,Tennessee,47,237607,3043
2020-10-23,Texas,48,898708,17873
2020-10-23,Utah,49,101574,567
2020-10-23,Vermont,50,2016,58
2020-10-23,Virgin Islands,78,1346,21
2020-10-23,Virginia,51,171284,3539
2020-10-23,Washington,53,106189,2396
2020-10-23,West Virginia,54,21392,422
2020-10-23,Wisconsin,55,200479,1776
2020-10-23,Wyoming,56,10545,68
2020-10-24,Alabama,01,183276,2866
2020-10-24,Alaska,02,13439,64
2020-10-24,Arizona,04,236898,5870
2020-10-24,Arkansas,05,105318,1797
2020-10-24,California,06,906644,17345
2020-10-24,Colorado,08,93989,2241
2020-10-24,Connecticut,09,66052,4577
2020-10-24,Delaware,10,23847,680
2020-10-24,District of Columbia,11,16706,642
2020-10-24,Florida,12,776243,16416
2020-10-24,Georgia,13,359001,7625
2020-10-24,Guam,66,5144,72
2020-10-24,Hawaii,15,14706,211
2020-10-24,Idaho,16,58964,573
2020-10-24,Illinois,17,376034,9765
2020-10-24,Indiana,18,162886,4118
2020-10-24,Iowa,19,114952,1634
2020-10-24,Kansas,20,78177,975
2020-10-24,Kentucky,21,97501,1469
2020-10-24,Louisiana,22,182603,5820
2020-10-24,Maine,23,6137,146
2020-10-24,Maryland,24,139859,4091
2020-10-24,Massachusetts,25,149488,9839
2020-10-24,Michigan,26,175385,7522
2020-10-24,Minnesota,27,132175,2381
2020-10-24,Mississippi,28,115088,3255
2020-10-24,Missouri,29,173742,2854
2020-10-24,Montana,30,27149,295
2020-10-24,Nebraska,31,63215,603
2020-10-24,Nevada,32,94935,1746
2020-10-24,New Hampshire,33,10238,473
2020-10-24,New Jersey,34,229128,16281
2020-10-24,New Mexico,35,41040,965
2020-10-24,New York,36,498568,33049
2020-10-24,North Carolina,37,258439,4170
2020-10-24,North Dakota,38,36879,453
2020-10-24,Northern Mariana Islands,69,88,2
2020-10-24,Ohio,39,195806,5206
2020-10-24,Oklahoma,40,115685,1245
2020-10-24,Oregon,41,41739,654
2020-10-24,Pennsylvania,42,197370,8721
2020-10-24,Puerto Rico,72,61280,794
2020-10-24,Rhode Island,44,30118,1177
2020-10-24,South Carolina,45,169341,3793
2020-10-24,South Dakota,46,38141,366
2020-10-24,Tennessee,47,240191,3067
2020-10-24,Texas,48,906033,17998
2020-10-24,Utah,49,103137,568
2020-10-24,Vermont,50,2043,58
2020-10-24,Virgin Islands,78,1346,21
2020-10-24,Virginia,51,172372,3578
2020-10-24,Washington,53,106772,2396
2020-10-24,West Virginia,54,21712,422
2020-10-24,Wisconsin,55,205139,1804
2020-10-24,Wyoming,56,10805,68
2020-10-25,Alabama,01,184355,2866
2020-10-25,Alaska,02,13968,64
2020-10-25,Arizona,04,238200,5874
2020-10-25,Arkansas,05,106115,1812
2020-10-25,California,06,909344,17358
2020-10-25,Colorado,08,95742,2244
2020-10-25,Connecticut,09,66052,4577
2020-10-25,Delaware,10,23961,681
2020-10-25,District of Columbia,11,16767,642
2020-10-25,Florida,12,778628,16428
2020-10-25,Georgia,13,360344,7626
2020-10-25,Guam,66,5185,72
2020-10-25,Hawaii,15,14823,211
2020-10-25,Idaho,16,59344,574
2020-10-25,Illinois,17,380065,9788
2020-10-25,Indiana,18,165038,4130
2020-10-25,Iowa,19,116238,1635
2020-10-25,Kansas,20,78241,975
2020-10-25,Kentucky,21,98730,1472
2020-10-25,Louisiana,22,183575,5837
2020-10-25,Maine,23,6201,146
2020-10-25,Maryland,24,140770,4096
2020-10-25,Massachusetts,25,150565,9864
2020-10-25,Michigan,26,175515,7522
2020-10-25,Minnesota,27,133855,2402
2020-10-25,Mississippi,28,115088,3255
2020-10-25,Missouri,29,175239,2857
2020-10-25,Montana,30,27880,298
2020-10-25,Nebraska,31,63797,604
2020-10-25,Nevada,32,95798,1748
2020-10-25,New Hampshire,33,10328,473
2020-10-25,New Jersey,34,230257,16285
2020-10-25,New Mexico,35,41863,967
2020-10-25,New York,36,500201,33059
2020-10-25,North Carolina,37,260128,4183
2020-10-25,North Dakota,38,37724,461
2020-10-25,Northern Mariana Islands,69,88,2
2020-10-25,Ohio,39,198115,5206
2020-10-25,Oklahoma,40,116736,1249
2020-10-25,Oregon,41,42101,654
2020-10-25,Pennsylvania,42,198756,8730
2020-10-25,Puerto Rico,72,62503,801
2020-10-25,Rhode Island,44,30118,1177
2020-10-25,South Carolina,45,170678,3802
2020-10-25,South Dakota,46,39203,375
2020-10-25,Tennessee,47,243508,3105
2020-10-25,Texas,48,909968,18042
2020-10-25,Utah,49,105053,572
2020-10-25,Vermont,50,2073,58
2020-10-25,Virgin Islands,78,1346,21
2020-10-25,Virginia,51,173371,3579
2020-10-25,Washington,53,107270,2396
2020-10-25,West Virginia,54,21906,423
2020-10-25,Wisconsin,55,208917,1814
2020-10-25,Wyoming,56,11041,68
2020-10-26,Alabama,01,185322,2866
2020-10-26,Alaska,02,14316,64
2020-10-26,Arizona,04,239193,5875
2020-10-26,Arkansas,05,106727,1833
2020-10-26,California,06,913699,17398
2020-10-26,Colorado,08,97686,2255
2020-10-26,Connecticut,09,68099,4589
2020-10-26,Delaware,10,24168,685
2020-10-26,District of Columbia,11,16812,642
2020-10-26,Florida,12,782005,16448
2020-10-26,Georgia,13,364275,7644
2020-10-26,Guam,66,5305,76
2020-10-26,Hawaii,15,14858,211
2020-10-26,Idaho,16,60400,582
2020-10-26,Illinois,17,385084,9811
2020-10-26,Indiana,18,167010,4143
2020-10-26,Iowa,19,117198,1657
2020-10-26,Kansas,20,80473,976
2020-10-26,Kentucky,21,99965,1480
2020-10-26,Louisiana,22,183802,5854
2020-10-26,Maine,23,6254,146
2020-10-26,Maryland,24,141334,4099
2020-10-26,Massachusetts,25,151777,9881
2020-10-26,Michigan,26,179624,7551
2020-10-26,Minnesota,27,135425,2406
2020-10-26,Mississippi,28,115763,3263
2020-10-26,Missouri,29,177729,2869
2020-10-26,Montana,30,28580,304
2020-10-26,Nebraska,31,64506,609
2020-10-26,Nevada,32,96330,1751
2020-10-26,New Hampshire,33,10397,475
2020-10-26,New Jersey,34,231473,16292
2020-10-26,New Mexico,35,42586,976
2020-10-26,New York,36,501393,33073
2020-10-26,North Carolina,37,262159,4200
2020-10-26,North Dakota,38,38246,466
2020-10-26,Northern Mariana Islands,69,92,2
2020-10-26,Ohio,39,200231,5217
2020-10-26,Oklahoma,40,117399,1251
2020-10-26,Oregon,41,42454,657
2020-10-26,Pennsylvania,42,201248,8737
2020-10-26,Puerto Rico,72,63135,804
2020-10-26,Rhode Island,44,31024,1184
2020-10-26,South Carolina,45,171501,3823
2020-10-26,South Dakota,46,39741,375
2020-10-26,Tennessee,47,245760,3132
2020-10-26,Texas,48,916562,18077
2020-10-26,Utah,49,106083,575
2020-10-26,Vermont,50,2083,58
2020-10-26,Virgin Islands,78,1348,21
2020-10-26,Virginia,51,174275,3581
2020-10-26,Washington,53,108393,2428
2020-10-26,West Virginia,54,22223,424
2020-10-26,Wisconsin,55,212116,1825
2020-10-26,Wyoming,56,11477,77
2020-10-27,Alabama,01,186437,2892
2020-10-27,Alaska,02,14699,66
2020-10-27,Arizona,04,240158,5891
2020-10-27,Arkansas,05,107679,1857
2020-10-27,California,06,918627,17478
2020-10-27,Colorado,08,99111,2265
2020-10-27,Connecticut,09,68637,4595
2020-10-27,Delaware,10,24249,686
2020-10-27,District of Columbia,11,16906,644
2020-10-27,Florida,12,786303,16504
2020-10-27,Georgia,13,365498,7661
2020-10-27,Guam,66,5387,76
2020-10-27,Hawaii,15,14920,214
2020-10-27,Idaho,16,61282,588
2020-10-27,Illinois,17,389088,9860
2020-10-27,Indiana,18,168996,4194
2020-10-27,Iowa,19,118852,1680
2020-10-27,Kansas,20,80761,979
2020-10-27,Kentucky,21,101700,1493
2020-10-27,Louisiana,22,184724,5872
2020-10-27,Maine,23,6311,146
2020-10-27,Maryland,24,142237,4108
2020-10-27,Massachusetts,25,153037,9888
2020-10-27,Michigan,26,182284,7585
2020-10-27,Minnesota,27,137589,2421
2020-10-27,Mississippi,28,116617,3283
2020-10-27,Missouri,29,179453,2912
2020-10-27,Montana,30,29422,309
2020-10-27,Nebraska,31,65376,623
2020-10-27,Nevada,32,97138,1757
2020-10-27,New Hampshire,33,10530,475
2020-10-27,New Jersey,34,233120,16306
2020-10-27,New Mexico,35,43169,980
2020-10-27,New York,36,503387,33092
2020-10-27,North Carolina,37,264334,4236
2020-10-27,North Dakota,38,39135,481
2020-10-27,Northern Mariana Islands,69,92,2
2020-10-27,Ohio,39,202740,5239
2020-10-27,Oklahoma,40,118409,1273
2020-10-27,Oregon,41,42821,665
2020-10-27,Pennsylvania,42,203520,8760
2020-10-27,Puerto Rico,72,63497,808
2020-10-27,Rhode Island,44,31445,1188
2020-10-27,South Carolina,45,172579,3842
2020-10-27,South Dakota,46,40730,375
2020-10-27,Tennessee,47,247688,3176
2020-10-27,Texas,48,923828,18155
2020-10-27,Utah,49,107246,579
2020-10-27,Vermont,50,2113,58
2020-10-27,Virgin Islands,78,1351,21
2020-10-27,Virginia,51,175409,3600
2020-10-27,Washington,53,108966,2438
2020-10-27,West Virginia,54,22706,432
2020-10-27,Wisconsin,55,217447,1896
2020-10-27,Wyoming,56,11806,77
2020-10-28,Alabama,01,187706,2911
2020-10-28,Alaska,02,15053,67
2020-10-28,Arizona,04,241259,5906
2020-10-28,Arkansas,05,108640,1875
2020-10-28,California,06,922680,17541
2020-10-28,Colorado,08,100614,2277
2020-10-28,Connecticut,09,69127,4604
2020-10-28,Delaware,10,24392,688
2020-10-28,District of Columbia,11,16973,644
2020-10-28,Florida,12,790418,16570
2020-10-28,Georgia,13,367126,7692
2020-10-28,Guam,66,5435,77
2020-10-28,Hawaii,15,14975,212
2020-10-28,Idaho,16,62197,600
2020-10-28,Illinois,17,395204,9912
2020-10-28,Indiana,18,171566,4227
2020-10-28,Iowa,19,120911,1691
2020-10-28,Kansas,20,83485,1007
2020-10-28,Kentucky,21,103685,1509
2020-10-28,Louisiana,22,185822,5890
2020-10-28,Maine,23,6387,146
2020-10-28,Maryland,24,142918,4115
2020-10-28,Massachusetts,25,154218,9924
2020-10-28,Michigan,26,185818,7606
2020-10-28,Minnesota,27,139497,2440
2020-10-28,Mississippi,28,117617,3302
2020-10-28,Missouri,29,181873,2940
2020-10-28,Montana,30,30051,326
2020-10-28,Nebraska,31,66545,629
2020-10-28,Nevada,32,97824,1767
2020-10-28,New Hampshire,33,10641,478
2020-10-28,New Jersey,34,234790,16324
2020-10-28,New Mexico,35,43826,991
2020-10-28,New York,36,505416,33107
2020-10-28,North Carolina,37,266566,4275
2020-10-28,North Dakota,38,39912,493
2020-10-28,Northern Mariana Islands,69,92,2
2020-10-28,Ohio,39,205347,5256
2020-10-28,Oklahoma,40,119152,1286
2020-10-28,Oregon,41,43228,673
2020-10-28,Pennsylvania,42,205852,8789
2020-10-28,Puerto Rico,72,63587,813
2020-10-28,Rhode Island,44,31944,1192
2020-10-28,South Carolina,45,173491,3876
2020-10-28,South Dakota,46,42000,384
2020-10-28,Tennessee,47,250269,3209
2020-10-28,Texas,48,931576,18251
2020-10-28,Utah,49,108863,588
2020-10-28,Vermont,50,2120,58
2020-10-28,Virgin Islands,78,1353,21
2020-10-28,Virginia,51,176754,3616
2020-10-28,Washington,53,109865,2454
2020-10-28,West Virginia,54,23064,436
2020-10-28,Wisconsin,55,221578,1953
2020-10-28,Wyoming,56,12146,77
2020-10-29,Alabama,01,189149,2914
2020-10-29,Alaska,02,15417,72
2020-10-29,Arizona,04,242510,5920
2020-10-29,Arkansas,05,109712,1894
2020-10-29,California,06,926893,17567
2020-10-29,Colorado,08,102665,2295
2020-10-29,Connecticut,09,70446,4609
2020-10-29,Delaware,10,24553,689
2020-10-29,District of Columbia,11,17074,645
2020-10-29,Florida,12,794616,16647
2020-10-29,Georgia,13,368840,7737
2020-10-29,Guam,66,5518,79
2020-10-29,Hawaii,15,15046,214
2020-10-29,Idaho,16,63195,618
2020-10-29,Illinois,17,401622,9963
2020-10-29,Indiana,18,175190,4260
2020-10-29,Iowa,19,123232,1705
2020-10-29,Kansas,20,83838,1008
2020-10-29,Kentucky,21,105517,1524
2020-10-29,Louisiana,22,186216,5908
2020-10-29,Maine,23,6467,146
2020-10-29,Maryland,24,143875,4127
2020-10-29,Massachusetts,25,155564,9951
2020-10-29,Michigan,26,189926,7651
2020-10-29,Minnesota,27,142364,2472
2020-10-29,Mississippi,28,118587,3310
2020-10-29,Missouri,29,184839,2978
2020-10-29,Montana,30,30932,339
2020-10-29,Nebraska,31,68150,641
2020-10-29,Nevada,32,98814,1770
2020-10-29,New Hampshire,33,10768,482
2020-10-29,New Jersey,34,236340,16332
2020-10-29,New Mexico,35,44904,994
2020-10-29,New York,36,507913,33128
2020-10-29,North Carolina,37,269419,4307
2020-10-29,North Dakota,38,41135,504
2020-10-29,Northern Mariana Islands,69,92,2
2020-10-29,Ohio,39,208937,5275
2020-10-29,Oklahoma,40,120193,1306
2020-10-29,Oregon,41,43793,674
2020-10-29,Pennsylvania,42,208087,8828
2020-10-29,Puerto Rico,72,64798,814
2020-10-29,Rhode Island,44,32312,1195
2020-10-29,South Carolina,45,174591,3889
2020-10-29,South Dakota,46,43000,403
2020-10-29,Tennessee,47,252727,3229
2020-10-29,Texas,48,938624,18372
2020-10-29,Utah,49,110666,598
2020-10-29,Vermont,50,2141,58
2020-10-29,Virgin Islands,78,1353,21
2020-10-29,Virginia,51,178183,3636
2020-10-29,Washington,53,110748,2463
2020-10-29,West Virginia,54,23466,443
2020-10-29,Wisconsin,55,226712,2008
2020-10-29,Wyoming,56,12507,87
2020-10-30,Alabama,01,190496,2932
2020-10-30,Alaska,02,15803,76
2020-10-30,Arizona,04,244099,5934
2020-10-30,Arkansas,05,110874,1900
2020-10-30,California,06,931826,17627
2020-10-30,Colorado,08,104927,2302
2020-10-30,Connecticut,09,71207,4616
2020-10-30,Delaware,10,24751,704
2020-10-30,District of Columbia,11,17144,646
2020-10-30,Florida,12,800208,16719
2020-10-30,Georgia,13,370157,7768
2020-10-30,Guam,66,5597,80
2020-10-30,Hawaii,15,15145,215
2020-10-30,Idaho,16,64175,627
2020-10-30,Illinois,17,410141,10012
2020-10-30,Indiana,18,178372,4286
2020-10-30,Iowa,19,125973,1714
2020-10-30,Kansas,20,86768,1029
2020-10-30,Kentucky,21,107620,1543
2020-10-30,Louisiana,22,186649,5919
2020-10-30,Maine,23,6570,146
2020-10-30,Maryland,24,144800,4137
2020-10-30,Massachusetts,25,157146,9975
2020-10-30,Michigan,26,193360,7664
2020-10-30,Minnesota,27,145519,2491
2020-10-30,Mississippi,28,119336,3328
2020-10-30,Missouri,29,187804,3014
2020-10-30,Montana,30,31995,368
2020-10-30,Nebraska,31,69645,646
2020-10-30,Nevada,32,100038,1777
2020-10-30,New Hampshire,33,10884,482
2020-10-30,New Jersey,34,238316,16339
2020-10-30,New Mexico,35,45909,1007
2020-10-30,New York,36,510171,33143
2020-10-30,North Carolina,37,272231,4354
2020-10-30,North Dakota,38,42488,517
2020-10-30,Northern Mariana Islands,69,92,2
2020-10-30,Ohio,39,212782,5291
2020-10-30,Oklahoma,40,121495,1326
2020-10-30,Oregon,41,44388,677
2020-10-30,Pennsylvania,42,210586,8860
2020-10-30,Puerto Rico,72,65743,820
2020-10-30,Rhode Island,44,32874,1201
2020-10-30,South Carolina,45,175594,3896
2020-10-30,South Dakota,46,44559,415
2020-10-30,Tennessee,47,255332,3307
2020-10-30,Texas,48,945280,18477
2020-10-30,Utah,49,112932,601
2020-10-30,Vermont,50,2155,58
2020-10-30,Virgin Islands,78,1362,21
2020-10-30,Virginia,51,179639,3643
2020-10-30,Washington,53,111893,2468
2020-10-30,West Virginia,54,23990,451
2020-10-30,Wisconsin,55,232092,2034
2020-10-30,Wyoming,56,13028,87
2020-10-31,Alabama,01,192285,2967
2020-10-31,Alaska,02,16247,77
2020-10-31,Arizona,04,245962,5979
2020-10-31,Arkansas,05,112190,1925
2020-10-31,California,06,935248,17661
2020-10-31,Colorado,08,107844,2309
2020-10-31,Connecticut,09,71207,4616
2020-10-31,Delaware,10,24951,708
2020-10-31,District of Columbia,11,17266,646
2020-10-31,Florida,12,802539,16760
2020-10-31,Georgia,13,372631,7790
2020-10-31,Guam,66,5650,80
2020-10-31,Hawaii,15,15207,218
2020-10-31,Idaho,16,64797,630
2020-10-31,Illinois,17,416557,10030
2020-10-31,Indiana,18,181837,4332
2020-10-31,Iowa,19,128798,1716
2020-10-31,Kansas,20,86771,1029
2020-10-31,Kentucky,21,109244,1551
2020-10-31,Louisiana,22,186649,5919
2020-10-31,Maine,23,6668,147
2020-10-31,Maryland,24,145593,4147
2020-10-31,Massachusetts,25,158576,9991
2020-10-31,Michigan,26,197164,7699
2020-10-31,Minnesota,27,148526,2511
2020-10-31,Mississippi,28,120160,3334
2020-10-31,Missouri,29,189899,3090
2020-10-31,Montana,30,32801,377
2020-10-31,Nebraska,31,70732,652
2020-10-31,Nevada,32,100844,1779
2020-10-31,New Hampshire,33,11084,483
2020-10-31,New Jersey,34,239679,16350
2020-10-31,New Mexico,35,46490,1018
2020-10-31,New York,36,512223,33152
2020-10-31,North Carolina,37,274805,4400
2020-10-31,North Dakota,38,43921,529
2020-10-31,Northern Mariana Islands,69,92,2
2020-10-31,Ohio,39,215697,5301
2020-10-31,Oklahoma,40,122762,1337
2020-10-31,Oregon,41,44923,690
2020-10-31,Pennsylvania,42,212816,8883
2020-10-31,Puerto Rico,72,66128,822
2020-10-31,Rhode Island,44,32874,1201
2020-10-31,South Carolina,45,176612,3935
2020-10-31,South Dakota,46,45992,425
2020-10-31,Tennessee,47,256923,3322
2020-10-31,Texas,48,952758,18549
2020-10-31,Utah,49,114670,604
2020-10-31,Vermont,50,2179,58
2020-10-31,Virgin Islands,78,1376,21
2020-10-31,Virginia,51,181190,3654
2020-10-31,Washington,53,112580,2468
2020-10-31,West Virginia,54,24460,457
2020-10-31,Wisconsin,55,237870,2092
2020-10-31,Wyoming,56,13298,87
2020-11-01,Alabama,01,193985,2973
2020-11-01,Alaska,02,16597,78
2020-11-01,Arizona,04,247484,5981
2020-11-01,Arkansas,05,113057,1958
2020-11-01,California,06,938883,17671
2020-11-01,Colorado,08,110640,2312
2020-11-01,Connecticut,09,71207,4616
2020-11-01,Delaware,10,25126,710
2020-11-01,District of Columbia,11,17369,646
2020-11-01,Florida,12,807404,16788
2020-11-01,Georgia,13,373700,7792
2020-11-01,Guam,66,5659,80
2020-11-01,Hawaii,15,15287,218
2020-11-01,Idaho,16,65272,631
2020-11-01,Illinois,17,424860,10091
2020-11-01,Indiana,18,184589,4364
2020-11-01,Iowa,19,131097,1733
2020-11-01,Kansas,20,86809,1029
2020-11-01,Kentucky,21,110600,1554
2020-11-01,Louisiana,22,187720,5926
2020-11-01,Maine,23,6715,147
2020-11-01,Maryland,24,146627,4152
2020-11-01,Massachusetts,25,159707,10013
2020-11-01,Michigan,26,197501,7700
2020-11-01,Minnesota,27,150726,2529
2020-11-01,Mississippi,28,120500,3348
2020-11-01,Missouri,29,192115,3091
2020-11-01,Montana,30,33495,378
2020-11-01,Nebraska,31,71666,658
2020-11-01,Nevada,32,101594,1783
2020-11-01,New Hampshire,33,11214,483
2020-11-01,New Jersey,34,241422,16354
2020-11-01,New Mexico,35,47232,1026
2020-11-01,New York,36,514482,33174
2020-11-01,North Carolina,37,276706,4405
2020-11-01,North Dakota,38,45048,536
2020-11-01,Northern Mariana Islands,69,96,2
2020-11-01,Ohio,39,219000,5303
2020-11-01,Oklahoma,40,124111,1345
2020-11-01,Oregon,41,45419,691
2020-11-01,Pennsylvania,42,214500,8888
2020-11-01,Puerto Rico,72,66661,832
2020-11-01,Rhode Island,44,32874,1201
2020-11-01,South Carolina,45,178023,3936
2020-11-01,South Dakota,46,47324,437
2020-11-01,Tennessee,47,257658,3322
2020-11-01,Texas,48,957108,18582
2020-11-01,Utah,49,116510,614
2020-11-01,Vermont,50,2196,58
2020-11-01,Virgin Islands,78,1376,21
2020-11-01,Virginia,51,182392,3655
2020-11-01,Washington,53,113109,2468
2020-11-01,West Virginia,54,24883,457
2020-11-01,Wisconsin,55,241423,2110
2020-11-01,Wyoming,56,13723,87
2020-11-02,Alabama,01,194892,2973
2020-11-02,Alaska,02,16948,79
2020-11-02,Arizona,04,248293,5982
2020-11-02,Arkansas,05,113641,1985
2020-11-02,California,06,944141,17700
2020-11-02,Colorado,08,112821,2320
2020-11-02,Connecticut,09,73858,4627
2020-11-02,Delaware,10,25311,710
2020-11-02,District of Columbia,11,17438,647
2020-11-02,Florida,12,812055,16833
2020-11-02,Georgia,13,377261,7810
2020-11-02,Guam,66,5662,80
2020-11-02,Hawaii,15,15359,218
2020-11-02,Idaho,16,66249,641
2020-11-02,Illinois,17,431281,10115
2020-11-02,Indiana,18,187665,4390
2020-11-02,Iowa,19,132697,1755
2020-11-02,Kansas,20,90613,1046
2020-11-02,Kentucky,21,111816,1565
2020-11-02,Louisiana,22,187995,5934
2020-11-02,Maine,23,6799,148
2020-11-02,Maryland,24,147477,4155
2020-11-02,Massachusetts,25,160549,10023
2020-11-02,Michigan,26,204135,7716
2020-11-02,Minnesota,27,153674,2538
2020-11-02,Mississippi,28,120865,3348
2020-11-02,Missouri,29,195885,3101
2020-11-02,Montana,30,34317,387
2020-11-02,Nebraska,31,72631,659
2020-11-02,Nevada,32,102243,1785
2020-11-02,New Hampshire,33,11320,483
2020-11-02,New Jersey,34,242790,16357
2020-11-02,New Mexico,35,48104,1036
2020-11-02,New York,36,516114,33187
2020-11-02,North Carolina,37,278477,4413
2020-11-02,North Dakota,38,46020,545
2020-11-02,Northern Mariana Islands,69,96,2
2020-11-02,Ohio,39,221909,5340
2020-11-02,Oklahoma,40,125195,1354
2020-11-02,Oregon,41,45978,694
2020-11-02,Pennsylvania,42,217243,8893
2020-11-02,Puerto Rico,72,68172,839
2020-11-02,Rhode Island,44,34120,1210
2020-11-02,South Carolina,45,178917,3946
2020-11-02,South Dakota,46,47850,438
2020-11-02,Tennessee,47,260275,3347
2020-11-02,Texas,48,965029,18626
2020-11-02,Utah,49,117767,614
2020-11-02,Vermont,50,2219,58
2020-11-02,Virgin Islands,78,1376,21
2020-11-02,Virginia,51,183418,3658
2020-11-02,Washington,53,114787,2484
2020-11-02,West Virginia,54,25235,458
2020-11-02,Wisconsin,55,244974,2117
2020-11-02,Wyoming,56,14167,87
2020-11-03,Alabama,01,195929,2987
2020-11-03,Alaska,02,17339,79
2020-11-03,Arizona,04,249841,6022
2020-11-03,Arkansas,05,114519,2003
2020-11-03,California,06,949383,17751
2020-11-03,Colorado,08,115364,2337
2020-11-03,Connecticut,09,74843,4635
2020-11-03,Delaware,10,25426,712
2020-11-03,District of Columbia,11,17524,647
2020-11-03,Florida,12,816692,16889
2020-11-03,Georgia,13,378894,7837
2020-11-03,Guam,66,5781,81
2020-11-03,Hawaii,15,15441,218
2020-11-03,Idaho,16,67504,649
2020-11-03,Illinois,17,437879,10177
2020-11-03,Indiana,18,190555,4439
2020-11-03,Iowa,19,134576,1780
2020-11-03,Kansas,20,91072,1051
2020-11-03,Kentucky,21,113457,1578
2020-11-03,Louisiana,22,189148,5951
2020-11-03,Maine,23,6926,148
2020-11-03,Maryland,24,148249,4162
2020-11-03,Massachusetts,25,161585,10035
2020-11-03,Michigan,26,207799,7758
2020-11-03,Minnesota,27,157150,2553
2020-11-03,Mississippi,28,121509,3384
2020-11-03,Missouri,29,198252,3136
2020-11-03,Montana,30,35222,400
2020-11-03,Nebraska,31,74060,662
2020-11-03,Nevada,32,103305,1807
2020-11-03,New Hampshire,33,11448,483
2020-11-03,New Jersey,34,244614,16371
2020-11-03,New Mexico,35,49240,1045
2020-11-03,New York,36,518431,33198
2020-11-03,North Carolina,37,280657,4481
2020-11-03,North Dakota,38,47192,561
2020-11-03,Northern Mariana Islands,69,96,2
2020-11-03,Ohio,39,226138,5373
2020-11-03,Oklahoma,40,126526,1375
2020-11-03,Oregon,41,46460,701
2020-11-03,Pennsylvania,42,220111,8926
2020-11-03,Puerto Rico,72,68943,842
2020-11-03,Rhode Island,44,34543,1212
2020-11-03,South Carolina,45,179952,3968
2020-11-03,South Dakota,46,48854,446
2020-11-03,Tennessee,47,262053,3419
2020-11-03,Texas,48,973517,18722
2020-11-03,Utah,49,119375,620
2020-11-03,Vermont,50,2237,58
2020-11-03,Virgin Islands,78,1385,22
2020-11-03,Virginia,51,184679,3666
2020-11-03,Washington,53,115608,2507
2020-11-03,West Virginia,54,25593,469
2020-11-03,Wisconsin,55,251227,2179
2020-11-03,Wyoming,56,14619,93
2020-11-04,Alabama,01,197777,3006
2020-11-04,Alaska,02,17750,79
2020-11-04,Arizona,04,250853,6059
2020-11-04,Arkansas,05,115812,2026
2020-11-04,California,06,954624,17818
2020-11-04,Colorado,08,118356,2366
2020-11-04,Connecticut,09,75373,4645
2020-11-04,Delaware,10,25534,712
2020-11-04,District of Columbia,11,17601,647
2020-11-04,Florida,12,821115,16921
2020-11-04,Georgia,13,382113,8303
2020-11-04,Guam,66,5872,84
2020-11-04,Hawaii,15,15591,218
2020-11-04,Idaho,16,68791,665
2020-11-04,Illinois,17,445537,10239
2020-11-04,Indiana,18,194261,4464
2020-11-04,Iowa,19,137315,1801
2020-11-04,Kansas,20,93967,1087
2020-11-04,Kentucky,21,115426,1593
2020-11-04,Louisiana,22,190164,5975
2020-11-04,Maine,23,7077,150
2020-11-04,Maryland,24,149232,4172
2020-11-04,Massachusetts,25,163299,10062
2020-11-04,Michigan,26,212126,7783
2020-11-04,Minnesota,27,160977,2584
2020-11-04,Mississippi,28,122275,3397
2020-11-04,Missouri,29,201440,3166
2020-11-04,Montana,30,36012,404
2020-11-04,Nebraska,31,75888,673
2020-11-04,Nevada,32,104514,1816
2020-11-04,New Hampshire,33,11563,484
2020-11-04,New Jersey,34,247057,16391
2020-11-04,New Mexico,35,50251,1059
2020-11-04,New York,36,520557,33222
2020-11-04,North Carolina,37,283280,4535
2020-11-04,North Dakota,38,48306,573
2020-11-04,Northern Mariana Islands,69,96,2
2020-11-04,Ohio,39,230209,5428
2020-11-04,Oklahoma,40,127772,1392
2020-11-04,Oregon,41,47049,707
2020-11-04,Pennsylvania,42,222883,8967
2020-11-04,Puerto Rico,72,69020,850
2020-11-04,Rhode Island,44,35122,1214
2020-11-04,South Carolina,45,180870,3985
2020-11-04,South Dakota,46,49791,460
2020-11-04,Tennessee,47,265407,3446
2020-11-04,Texas,48,984148,18870
2020-11-04,Utah,49,121563,625
2020-11-04,Vermont,50,2267,58
2020-11-04,Virgin Islands,78,1388,23
2020-11-04,Virginia,51,185836,3677
2020-11-04,Washington,53,117091,2526
2020-11-04,West Virginia,54,25987,472
2020-11-04,Wisconsin,55,257365,2237
2020-11-04,Wyoming,56,15044,105
2020-11-05,Alabama,01,199158,3026
2020-11-05,Alaska,02,18064,79
2020-11-05,Arizona,04,252843,6087
2020-11-05,Arkansas,05,117360,2037
2020-11-05,California,06,960884,17866
2020-11-05,Colorado,08,122170,2383
2020-11-05,Connecticut,09,77060,4656
2020-11-05,Delaware,10,25753,716
2020-11-05,District of Columbia,11,17682,650
2020-11-05,Florida,12,827372,16960
2020-11-05,Georgia,13,384531,8359
2020-11-05,Guam,66,5973,84
2020-11-05,Hawaii,15,15683,218
2020-11-05,Idaho,16,70005,673
2020-11-05,Illinois,17,455528,10334
2020-11-05,Indiana,18,198684,4511
2020-11-05,Iowa,19,142795,1814
2020-11-05,Kansas,20,94427,1087
2020-11-05,Kentucky,21,117654,1611
2020-11-05,Louisiana,22,190845,5995
2020-11-05,Maine,23,7260,150
2020-11-05,Maryland,24,150424,4182
2020-11-05,Massachusetts,25,165161,10085
2020-11-05,Michigan,26,218136,7833
2020-11-05,Minnesota,27,164919,2609
2020-11-05,Mississippi,28,123887,3405
2020-11-05,Missouri,29,204951,3197
2020-11-05,Montana,30,37024,409
2020-11-05,Nebraska,31,78012,678
2020-11-05,Nevada,32,105706,1825
2020-11-05,New Hampshire,33,11808,486
2020-11-05,New Jersey,34,249019,16403
2020-11-05,New Mexico,35,51110,1082
2020-11-05,New York,36,523559,33247
2020-11-05,North Carolina,37,286210,4572
2020-11-05,North Dakota,38,49842,601
2020-11-05,Northern Mariana Islands,69,96,2
2020-11-05,Ohio,39,235170,5461
2020-11-05,Oklahoma,40,129873,1413
2020-11-05,Oregon,41,47839,710
2020-11-05,Pennsylvania,42,225698,9009
2020-11-05,Puerto Rico,72,69416,855
2020-11-05,Rhode Island,44,35750,1222
2020-11-05,South Carolina,45,181639,3992
2020-11-05,South Dakota,46,51151,482
2020-11-05,Tennessee,47,267557,3474
2020-11-05,Texas,48,993096,19000
2020-11-05,Utah,49,124366,632
2020-11-05,Vermont,50,2303,58
2020-11-05,Virgin Islands,78,1388,23
2020-11-05,Virginia,51,187202,3688
2020-11-05,Washington,53,118459,2542
2020-11-05,West Virginia,54,26547,480
2020-11-05,Wisconsin,55,263640,2273
2020-11-05,Wyoming,56,15409,105
2020-11-06,Alabama,01,200714,3049
2020-11-06,Alaska,02,18589,79
2020-11-06,Arizona,04,254961,6111
2020-11-06,Arkansas,05,119230,2056
2020-11-06,California,06,967597,17939
2020-11-06,Colorado,08,125397,2404
2020-11-06,Connecticut,09,78125,4671
2020-11-06,Delaware,10,26035,716
2020-11-06,District of Columbia,11,17792,652
2020-11-06,Florida,12,832617,17013
2020-11-06,Georgia,13,387202,8389
2020-11-06,Guam,66,6046,89
2020-11-06,Hawaii,15,15816,218
2020-11-06,Idaho,16,71496,685
2020-11-06,Illinois,17,466884,10412
2020-11-06,Indiana,18,203332,4547
2020-11-06,Iowa,19,146267,1828
2020-11-06,Kansas,20,99605,1166
2020-11-06,Kentucky,21,119952,1621
2020-11-06,Louisiana,22,191715,6016
2020-11-06,Maine,23,7444,150
2020-11-06,Maryland,24,151964,4194
2020-11-06,Massachusetts,25,167274,10106
2020-11-06,Michigan,26,222423,7883
2020-11-06,Minnesota,27,170361,2645
2020-11-06,Mississippi,28,124854,3419
2020-11-06,Missouri,29,209962,3217
2020-11-06,Montana,30,38012,420
2020-11-06,Nebraska,31,80693,705
2020-11-06,Nevada,32,107258,1846
2020-11-06,New Hampshire,33,12012,488
2020-11-06,New Jersey,34,251180,16416
2020-11-06,New Mexico,35,52394,1088
2020-11-06,New York,36,526767,33267
2020-11-06,North Carolina,37,289124,4608
2020-11-06,North Dakota,38,51607,618
2020-11-06,Northern Mariana Islands,69,98,2
2020-11-06,Ohio,39,240178,5494
2020-11-06,Oklahoma,40,131751,1429
2020-11-06,Oregon,41,48608,716
2020-11-06,Pennsylvania,42,229346,9052
2020-11-06,Puerto Rico,72,70519,862
2020-11-06,Rhode Island,44,36380,1224
2020-11-06,South Carolina,45,182872,4005
2020-11-06,South Dakota,46,52639,510
2020-11-06,Tennessee,47,269292,3508
2020-11-06,Texas,48,1003056,19125
2020-11-06,Utah,49,127280,649
2020-11-06,Vermont,50,2326,58
2020-11-06,Virgin Islands,78,1390,23
2020-11-06,Virginia,51,188770,3682
2020-11-06,Washington,53,120123,2552
2020-11-06,West Virginia,54,27087,487
2020-11-06,Wisconsin,55,270074,2340
2020-11-06,Wyoming,56,16405,105
2020-11-07,Alabama,01,202482,3082
2020-11-07,Alaska,02,19194,79
2020-11-07,Arizona,04,257384,6147
2020-11-07,Arkansas,05,120828,2068
2020-11-07,California,06,972801,17964
2020-11-07,Colorado,08,128611,2417
2020-11-07,Connecticut,09,78125,4671
2020-11-07,Delaware,10,26258,716
2020-11-07,District of Columbia,11,17891,654
2020-11-07,Florida,12,837069,17099
2020-11-07,Georgia,13,389257,8427
2020-11-07,Guam,66,6046,89
2020-11-07,Hawaii,15,15939,219
2020-11-07,Idaho,16,72528,685
2020-11-07,Illinois,17,479061,10498
2020-11-07,Indiana,18,208243,4592
2020-11-07,Iowa,19,150639,1842
2020-11-07,Kansas,20,99671,1166
2020-11-07,Kentucky,21,122021,1640
2020-11-07,Louisiana,22,191715,6016
2020-11-07,Maine,23,7603,152
2020-11-07,Maryland,24,153198,4201
2020-11-07,Massachusetts,25,169576,10129
2020-11-07,Michigan,26,228706,7943
2020-11-07,Minnesota,27,175008,2679
2020-11-07,Mississippi,28,125885,3433
2020-11-07,Missouri,29,213553,3235
2020-11-07,Montana,30,38948,445
2020-11-07,Nebraska,31,82395,710
2020-11-07,Nevada,32,109326,1851
2020-11-07,New Hampshire,33,12241,489
2020-11-07,New Jersey,34,254382,16425
2020-11-07,New Mexico,35,53671,1104
2020-11-07,New York,36,530354,33287
2020-11-07,North Carolina,37,291563,4629
2020-11-07,North Dakota,38,53209,633
2020-11-07,Northern Mariana Islands,69,98,2
2020-11-07,Ohio,39,245727,5506
2020-11-07,Oklahoma,40,136492,1438
2020-11-07,Oregon,41,49587,729
2020-11-07,Pennsylvania,42,232582,9089
2020-11-07,Puerto Rico,72,71532,862
2020-11-07,Rhode Island,44,36380,1224
2020-11-07,South Carolina,45,184742,4015
2020-11-07,South Dakota,46,53976,523
2020-11-07,Tennessee,47,273579,3556
2020-11-07,Texas,48,1008985,19219
2020-11-07,Utah,49,130238,658
2020-11-07,Vermont,50,2347,59
2020-11-07,Virgin Islands,78,1405,23
2020-11-07,Virginia,51,190873,3704
2020-11-07,Washington,53,121220,2552
2020-11-07,West Virginia,54,27742,502
2020-11-07,Wisconsin,55,277568,2385
2020-11-07,Wyoming,56,16597,105